Biomarker,Importance
systolic_bp,0.025212709961038617
age_years,0.02526012215830561
hemoglobin_gdl,0.0259879933430128
potassium_meql,0.026233818905468165
calcium_mgdl,0.02672298216260342
bmi,0.02740134743768919
serum_creatinine_mgdl,0.03148710003329015
uacr_mg_g,0.033106215958430156
hba1c_pct,0.0928215628011695
egfr,0.5564031553921522
